﻿{
  "datasource": {
    "type": "graphite",
    "uid": "ONozFpEVk"
  },
  "fieldConfig": {
    "defaults": {
      "custom": {
        "drawStyle": "line",
        "lineInterpolation": "linear",
        "barAlignment": 0,
        "lineWidth": 1,
        "fillOpacity": 0,
        "gradientMode": "none",
        "spanNulls": false,
        "showPoints": "auto",
        "pointSize": 5,
        "stacking": {
          "mode": "none",
          "group": "A"
        },
        "axisPlacement": "auto",
        "axisLabel": "",
        "axisColorMode": "text",
        "scaleDistribution": {
          "type": "linear"
        },
        "axisCenteredZero": false,
        "hideFrom": {
          "tooltip": false,
          "viz": false,
          "legend": false
        },
        "thresholdsStyle": {
          "mode": "off"
        }
      },
      "color": {
        "mode": "palette-classic"
      },
      "mappings": [],
      "thresholds": {
        "mode": "absolute",
        "steps": [
          {
            "color": "green",
            "value": null
          },
          {
            "color": "red",
            "value": 80
          }
        ]
      }
    },
    "overrides": []
  },
  "gridPos": {
    "h": 9,
    "w": 12,
    "x": 0,
    "y": 0
  },
  "id": 2,
  "options": {
    "tooltip": {
      "mode": "single",
      "sort": "none"
    },
    "legend": {
      "showLegend": true,
      "displayMode": "list",
      "placement": "bottom",
      "calcs": []
    }
  },
  "targets": [
    {
      "datasource": {
        "type": "graphite",
        "uid": "ONozFpEVk"
      },
      "refCount": 0,
      "refId": "A",
      "target": "sumSeries(stats_counts.my_app.update_feed_0)"
    },
    {
      "datasource": {
        "type": "graphite",
        "uid": "ONozFpEVk"
      },
      "hide": false,
      "refCount": 0,
      "refId": "B",
      "target": "sumSeries(stats_counts.my_app.update_feed_1)"
    },
    {
      "datasource": {
        "type": "graphite",
        "uid": "ONozFpEVk"
      },
      "hide": false,
      "refCount": 0,
      "refId": "C",
      "target": "sumSeries(stats_counts.my_app.update_feed_2)"
    },
    {
      "datasource": {
        "type": "graphite",
        "uid": "ONozFpEVk"
      },
      "hide": false,
      "refCount": 0,
      "refId": "D",
      "target": "sumSeries(stats_counts.my_app.update_feed_3)"
    },
    {
      "datasource": {
        "type": "graphite",
        "uid": "ONozFpEVk"
      },
      "hide": false,
      "refCount": 0,
      "refId": "E",
      "target": "sumSeries(stats_counts.my_app.update_feed_4)"
    },
    {
      "datasource": {
        "type": "graphite",
        "uid": "ONozFpEVk"
      },
      "hide": false,
      "refCount": 0,
      "refId": "F",
      "target": "sumSeries(stats_counts.my_app.update_feed_5)"
    },
    {
      "datasource": {
        "type": "graphite",
        "uid": "ONozFpEVk"
      },
      "hide": false,
      "refCount": 0,
      "refId": "G",
      "target": "sumSeries(stats_counts.my_app.update_feed_6)"
    },
    {
      "datasource": {
        "type": "graphite",
        "uid": "ONozFpEVk"
      },
      "hide": false,
      "refCount": 0,
      "refId": "H",
      "target": "sumSeries(stats_counts.my_app.update_feed_7)"
    },
    {
      "datasource": {
        "type": "graphite",
        "uid": "ONozFpEVk"
      },
      "hide": false,
      "refCount": 0,
      "refId": "I",
      "target": "sumSeries(stats_counts.my_app.update_feed_8)"
    },
    {
      "datasource": {
        "type": "graphite",
        "uid": "ONozFpEVk"
      },
      "hide": false,
      "refCount": 0,
      "refId": "J",
      "target": "sumSeries(stats_counts.my_app.update_feed_9)"
    }
  ],
  "title": "Panel Title",
  "type": "timeseries"
}
