{
  "info": {
    "_postman_id": "7e78aabd-6caa-4ac3-bbe7-9e79872b6261",
    "name": "Symfony course-02-23",
    "schema": "https://schema.getpostman.com/json/collection/v2.1.0/collection.json"
  },
  "item": [
    {
      "name": "Add user",
      "request": {
        "method": "POST",
        "header": [
          {
            "key": "Content-Type",
            "name": "Content-Type",
            "type": "text",
            "value": "application/json"
          }
        ],
        "body": {
          "mode": "formdata",
          "formdata": [
            {
              "key": "login",
              "value": "my_user",
              "type": "text"
            }
          ]
        },
        "url": {
          "raw": "{{host}}/api/v1/user",
          "host": [
            "{{host}}"
          ],
          "path": [
            "api",
            "v1",
            "user"
          ]
        }
      },
      "response": []
    },
    {
      "name": "Add user v2",
      "request": {
        "method": "POST",
        "header": [
          {
            "key": "Content-Type",
            "name": "Content-Type",
            "type": "text",
            "value": "application/json"
          }
        ],
        "body": {
          "mode": "formdata",
          "formdata": [
            {
              "key": "login",
              "value": "my_user",
              "type": "text"
            }
          ]
        },
        "url": {
          "raw": "{{host}}/api/v2/user",
          "host": [
            "{{host}}"
          ],
          "path": [
            "api",
            "v2",
            "user"
          ]
        }
      },
      "response": []
    },
    {
      "name": "Get user list",
      "request": {
        "auth": {
          "type": "noauth"
        },
        "method": "GET",
        "header": [
          {
            "key": "Content-Type",
            "name": "Content-Type",
            "type": "text",
            "value": "application/json"
          }
        ],
        "url": {
          "raw": "{{host}}/api/v1/user?perPage=3&page=0",
          "host": [
            "{{host}}"
          ],
          "path": [
            "api",
            "v1",
            "user"
          ],
          "query": [
            {
              "key": "perPage",
              "value": "3"
            },
            {
              "key": "page",
              "value": "0"
            }
          ]
        }
      },
      "response": []
    },
    {
      "name": "Get user by login v2",
      "request": {
        "auth": {
          "type": "noauth"
        },
        "method": "GET",
        "header": [
          {
            "key": "Content-Type",
            "name": "Content-Type",
            "type": "text",
            "value": "application/json"
          }
        ],
        "url": {
          "raw": "{{host}}/api/v2/user/by-login/my_user_new_login",
          "host": [
            "{{host}}"
          ],
          "path": [
            "api",
            "v2",
            "user",
            "by-login",
            "my_user_new_login"
          ]
        }
      },
      "response": []
    },
    {
      "name": "Patch user",
      "request": {
        "method": "PATCH",
        "header": [
          {
            "key": "Content-Type",
            "name": "Content-Type",
            "type": "text",
            "value": "application/json"
          }
        ],
        "body": {
          "mode": "formdata",
          "formdata": [
            {
              "key": "login",
              "value": "my_user_new_login",
              "type": "text"
            },
            {
              "key": "userId",
              "value": "3",
              "type": "text"
            }
          ]
        },
        "url": {
          "raw": "{{host}}/api/v1/user",
          "host": [
            "{{host}}"
          ],
          "path": [
            "api",
            "v1",
            "user"
          ]
        }
      },
      "response": []
    },
    {
      "name": "Delete user",
      "request": {
        "method": "DELETE",
        "header": [
          {
            "key": "Content-Type",
            "name": "Content-Type",
            "type": "text",
            "value": "application/json"
          }
        ],
        "url": {
          "raw": "{{host}}/api/v1/user?userId=3",
          "host": [
            "{{host}}"
          ],
          "path": [
            "api",
            "v1",
            "user"
          ],
          "query": [
            {
              "key": "userId",
              "value": "3"
            }
          ]
        }
      },
      "response": []
    },
    {
      "name": "Delete user v2",
      "request": {
        "method": "DELETE",
        "header": [
          {
            "key": "Content-Type",
            "name": "Content-Type",
            "type": "text",
            "value": "application/json"
          }
        ],
        "url": {
          "raw": "{{host}}/api/v2/user/3",
          "host": [
            "{{host}}"
          ],
          "path": [
            "api",
            "v2",
            "user",
            "3"
          ]
        }
      },
      "response": []
    },
    {
      "name": "Delete user by id",
      "request": {
        "method": "DELETE",
        "header": [
          {
            "key": "Content-Type",
            "name": "Content-Type",
            "type": "text",
            "value": "application/json"
          }
        ],
        "url": {
          "raw": "{{host}}/api/v1/user/3",
          "host": [
            "{{host}}"
          ],
          "path": [
            "api",
            "v1",
            "user",
            "3"
          ]
        }
      },
      "response": []
    }
  ],
  "event": [
    {
      "listen": "prerequest",
      "script": {
        "type": "text/javascript",
        "exec": [
          ""
        ]
      }
    },
    {
      "listen": "test",
      "script": {
        "type": "text/javascript",
        "exec": [
          ""
        ]
      }
    }
  ],
  "variable": [
    {
      "key": "host",
      "value": "localhost:7777"
    }
  ]
}
