{
	"info": {
		"_postman_id": "569ad037-cdb3-43a1-b276-e5d5e853b1ea",
		"name": "Symfony course-02-23",
		"schema": "https://schema.getpostman.com/json/collection/v2.1.0/collection.json",
		"_exporter_id": "7574462"
	},
	"item": [
		{
			"name": "Get token",
			"request": {
				"auth": {
					"type": "basic",
					"basic": [
						{
							"key": "password",
							"value": "another_pass",
							"type": "string"
						},
						{
							"key": "username",
							"value": "another_user",
							"type": "string"
						}
					]
				},
				"method": "POST",
				"header": [
					{
						"key": "Content-Type",
						"name": "Content-Type",
						"type": "text",
						"value": "application/json"
					}
				],
				"url": {
					"raw": "{{host}}/api/v1/token",
					"host": [
						"{{host}}"
					],
					"path": [
						"api",
						"v1",
						"token"
					]
				}
			},
			"response": []
		},
		{
			"name": "Add user",
			"request": {
				"method": "POST",
				"header": [
					{
						"key": "Content-Type",
						"name": "Content-Type",
						"type": "text",
						"value": "application/json"
					}
				],
				"body": {
					"mode": "formdata",
					"formdata": [
						{
							"key": "login",
							"value": "my_user",
							"type": "text"
						}
					]
				},
				"url": {
					"raw": "{{host}}/api/v1/user",
					"host": [
						"{{host}}"
					],
					"path": [
						"api",
						"v1",
						"user"
					]
				}
			},
			"response": []
		},
		{
			"name": "Add user v3",
			"request": {
				"method": "POST",
				"header": [
					{
						"key": "Content-Type",
						"name": "Content-Type",
						"type": "text",
						"value": "application/json"
					}
				],
				"body": {
					"mode": "formdata",
					"formdata": [
						{
							"key": "login",
							"value": "my_user",
							"type": "text"
						},
						{
							"key": "password",
							"value": "my_pass",
							"type": "text"
						},
						{
							"key": "roles[]",
							"value": "",
							"type": "text",
							"disabled": true
						}
					]
				},
				"url": {
					"raw": "{{host}}/api/v3/user",
					"host": [
						"{{host}}"
					],
					"path": [
						"api",
						"v3",
						"user"
					]
				}
			},
			"response": []
		},
		{
			"name": "Add user async",
			"request": {
				"method": "POST",
				"header": [
					{
						"key": "Content-Type",
						"name": "Content-Type",
						"type": "text",
						"value": "application/json"
					}
				],
				"body": {
					"mode": "formdata",
					"formdata": [
						{
							"key": "login",
							"value": "my_user",
							"type": "text"
						}
					]
				},
				"url": {
					"raw": "{{host}}/api/v1/user/async",
					"host": [
						"{{host}}"
					],
					"path": [
						"api",
						"v1",
						"user",
						"async"
					]
				}
			},
			"response": []
		},
		{
			"name": "Upload file",
			"request": {
				"method": "POST",
				"header": [
					{
						"key": "Content-Type",
						"name": "Content-Type",
						"type": "text",
						"value": "application/json"
					}
				],
				"body": {
					"mode": "formdata",
					"formdata": [
						{
							"key": "image",
							"type": "file",
							"src": []
						}
					]
				},
				"url": {
					"raw": "{{host}}/api/v1/upload",
					"host": [
						"{{host}}"
					],
					"path": [
						"api",
						"v1",
						"upload"
					]
				}
			},
			"response": []
		},
		{
			"name": "Add user v2",
			"request": {
				"method": "POST",
				"header": [
					{
						"key": "Content-Type",
						"name": "Content-Type",
						"type": "text",
						"value": "application/json"
					}
				],
				"body": {
					"mode": "formdata",
					"formdata": [
						{
							"key": "login",
							"value": "my_user",
							"type": "text"
						}
					]
				},
				"url": {
					"raw": "{{host}}/api/v2/user",
					"host": [
						"{{host}}"
					],
					"path": [
						"api",
						"v2",
						"user"
					]
				}
			},
			"response": []
		},
		{
			"name": "Post tweet",
			"request": {
				"method": "POST",
				"header": [
					{
						"key": "Content-Type",
						"name": "Content-Type",
						"type": "text",
						"value": "application/json"
					}
				],
				"body": {
					"mode": "formdata",
					"formdata": [
						{
							"key": "authorId",
							"value": "1",
							"type": "text"
						},
						{
							"key": "text",
							"value": "some tweet",
							"type": "text"
						}
					]
				},
				"url": {
					"raw": "{{host}}/api/v1/tweet",
					"host": [
						"{{host}}"
					],
					"path": [
						"api",
						"v1",
						"tweet"
					]
				}
			},
			"response": []
		},
		{
			"name": "Get tweet list",
			"request": {
				"auth": {
					"type": "noauth"
				},
				"method": "GET",
				"header": [
					{
						"key": "Content-Type",
						"name": "Content-Type",
						"type": "text",
						"value": "application/json"
					}
				],
				"url": {
					"raw": "{{host}}/api/v1/tweet?perPage=11&page=2",
					"host": [
						"{{host}}"
					],
					"path": [
						"api",
						"v1",
						"tweet"
					],
					"query": [
						{
							"key": "perPage",
							"value": "11"
						},
						{
							"key": "page",
							"value": "2"
						}
					]
				}
			},
			"response": []
		},
		{
			"name": "Get user list",
			"request": {
				"auth": {
					"type": "noauth"
				},
				"method": "GET",
				"header": [
					{
						"key": "Content-Type",
						"name": "Content-Type",
						"type": "text",
						"value": "application/json"
					}
				],
				"url": {
					"raw": "{{host}}/api/v1/user?perPage=3&page=0",
					"host": [
						"{{host}}"
					],
					"path": [
						"api",
						"v1",
						"user"
					],
					"query": [
						{
							"key": "perPage",
							"value": "3"
						},
						{
							"key": "page",
							"value": "0"
						}
					]
				}
			},
			"response": []
		},
		{
			"name": "Get user list v3",
			"request": {
				"auth": {
					"type": "noauth"
				},
				"method": "GET",
				"header": [
					{
						"key": "Content-Type",
						"name": "Content-Type",
						"type": "text",
						"value": "application/json"
					}
				],
				"url": {
					"raw": "{{host}}/api/v3/user?perPage=3&page=0",
					"host": [
						"{{host}}"
					],
					"path": [
						"api",
						"v3",
						"user"
					],
					"query": [
						{
							"key": "perPage",
							"value": "3"
						},
						{
							"key": "page",
							"value": "0"
						}
					]
				}
			},
			"response": []
		},
		{
			"name": "Get user by login v2",
			"request": {
				"auth": {
					"type": "noauth"
				},
				"method": "GET",
				"header": [
					{
						"key": "Content-Type",
						"name": "Content-Type",
						"type": "text",
						"value": "application/json"
					}
				],
				"url": {
					"raw": "{{host}}/api/v2/user/by-login/my_user_new_login",
					"host": [
						"{{host}}"
					],
					"path": [
						"api",
						"v2",
						"user",
						"by-login",
						"my_user_new_login"
					]
				}
			},
			"response": []
		},
		{
			"name": "Patch user",
			"request": {
				"method": "PATCH",
				"header": [
					{
						"key": "Content-Type",
						"name": "Content-Type",
						"type": "text",
						"value": "application/json"
					}
				],
				"body": {
					"mode": "formdata",
					"formdata": [
						{
							"key": "login",
							"value": "my_user_new_login",
							"type": "text"
						},
						{
							"key": "userId",
							"value": "3",
							"type": "text"
						}
					]
				},
				"url": {
					"raw": "{{host}}/api/v1/user",
					"host": [
						"{{host}}"
					],
					"path": [
						"api",
						"v1",
						"user"
					]
				}
			},
			"response": []
		},
		{
			"name": "Delete user",
			"request": {
				"method": "DELETE",
				"header": [
					{
						"key": "Content-Type",
						"name": "Content-Type",
						"type": "text",
						"value": "application/json"
					}
				],
				"url": {
					"raw": "{{host}}/api/v1/user?userId=3",
					"host": [
						"{{host}}"
					],
					"path": [
						"api",
						"v1",
						"user"
					],
					"query": [
						{
							"key": "userId",
							"value": "3"
						}
					]
				}
			},
			"response": []
		},
		{
			"name": "Delete user v2",
			"request": {
				"method": "DELETE",
				"header": [
					{
						"key": "Content-Type",
						"name": "Content-Type",
						"type": "text",
						"value": "application/json"
					}
				],
				"url": {
					"raw": "{{host}}/api/v2/user/3",
					"host": [
						"{{host}}"
					],
					"path": [
						"api",
						"v2",
						"user",
						"3"
					]
				}
			},
			"response": []
		},
		{
			"name": "Delete user v3",
			"request": {
				"method": "DELETE",
				"header": [
					{
						"key": "Content-Type",
						"name": "Content-Type",
						"type": "text",
						"value": "application/json"
					}
				],
				"url": {
					"raw": "{{host}}/api/v3/user?userId=3",
					"host": [
						"{{host}}"
					],
					"path": [
						"api",
						"v3",
						"user"
					],
					"query": [
						{
							"key": "userId",
							"value": "3"
						}
					]
				}
			},
			"response": []
		},
		{
			"name": "Delete user by id",
			"request": {
				"method": "DELETE",
				"header": [
					{
						"key": "Content-Type",
						"name": "Content-Type",
						"type": "text",
						"value": "application/json"
					}
				],
				"url": {
					"raw": "{{host}}/api/v1/user/3",
					"host": [
						"{{host}}"
					],
					"path": [
						"api",
						"v1",
						"user",
						"3"
					]
				}
			},
			"response": []
		},
		{
			"name": "Get user v4",
			"request": {
				"method": "GET",
				"header": [],
				"url": {
					"raw": "{{host}}/api/v4/users",
					"host": [
						"{{host}}"
					],
					"path": [
						"api",
						"v4",
						"users"
					]
				}
			},
			"response": []
		},
		{
			"name": "Add user v4",
			"request": {
				"method": "POST",
				"header": [],
				"body": {
					"mode": "formdata",
					"formdata": [
						{
							"key": "login",
							"value": "my_user",
							"type": "text"
						},
						{
							"key": "password",
							"value": "my_pass",
							"type": "text"
						},
						{
							"key": "roles",
							"value": "[\"ROLE_ADMIN\"]",
							"type": "text"
						},
						{
							"key": "age",
							"value": "12",
							"type": "text"
						},
						{
							"key": "isActive",
							"value": "true",
							"type": "text"
						}
					]
				},
				"url": {
					"raw": "{{host}}/api/v4/users",
					"host": [
						"{{host}}"
					],
					"path": [
						"api",
						"v4",
						"users"
					]
				}
			},
			"response": []
		},
		{
			"name": "Add user v5",
			"request": {
				"method": "POST",
				"header": [],
				"body": {
					"mode": "raw",
					"raw": "{\n    \"login\": \"my_user\",\n    \"password\": \"my_pass\",\n    \"roles\": [\n        \"ROLE_ADMIN\"\n    ],\n    \"age\": 12,\n    \"isActive\": true\n}",
					"options": {
						"raw": {
							"language": "json"
						}
					}
				},
				"url": {
					"raw": "{{host}}/api/v5/users",
					"host": [
						"{{host}}"
					],
					"path": [
						"api",
						"v5",
						"users"
					]
				}
			},
			"response": []
		}
	],
	"event": [
		{
			"listen": "prerequest",
			"script": {
				"type": "text/javascript",
				"exec": [
					""
				]
			}
		},
		{
			"listen": "test",
			"script": {
				"type": "text/javascript",
				"exec": [
					""
				]
			}
		}
	],
	"variable": [
		{
			"key": "host",
			"value": "localhost:7777"
		}
	]
}
